keys,values
Arroz,Arroz
Leite em pó,Leite em pó
Leite condensado,Leite condensado
Pimentão,Pimentão
Cebola,Cebola
Refrigerante,Refrigerante
Filé de frango 1kg,Filé de frango 1kg
Batata,Batata
Detergente,Detergente
Manga,Manga
Linguiça,Linguiça
Macarrão,Macarrão
Molho Shoyo,Molho Shoyo
Molho de tomate,Molho de tomate
Bacon,Bacon
Limão,Limão
Massa mini pizza,Massa mini pizza
Mussarela,Mussarela
Torta,Torta
Farinha de trigo,Farinha de trigo
Sabonete,Sabonete
Flocão,Flocão
Milho pipoca,Milho pipoca
Salgado,Salgado
Sabonete Líquido,Sabonete Líquido
Leite de caixa,Leite de caixa
Batata frita,Batata frita
Achocolatado,Achocolatado
Pão,Pão
Açúcar,Açúcar
Frutas,Frutas
Pão de queijo,Pão de queijo
Tomate,Tomate
Salada,Salada
Água de coco,Água de coco
Donuts,Donuts
Creme de leite,Creme de leite
Marshmallow,Marshmallow
Pipoca,Pipoca
Chocolate,Chocolate
Geladinho,Geladinho
Doce,Doce
Filé Mignon,Filé Mignon
Polvilho doce,Polvilho doce
Ovos,Ovos
Peito de pero defumado,Peito de pero defumado
Provolone,Provolone
Morango,Morango
Creme de Avelã,Creme de Avelã
PATEKO T1 5KG 1UN I1,Arroz
LEIT INT ITAMBE 400G 1UN F1,Leite em pó
COND PIRACAN TP 395G 1UN F1,Leite condensado
PIMENTAO VERDE KG,Pimentão
CEBOLA KG,Cebola
SODA 15 ZERO 2L,Refrigerante
FIL FGO SADIA 1KG,Filé de frango 1kg
SODA ANTARTIC ZRO 2L,Refrigerante
BATATA KG,Batata
DT YPE CLEAR C 500ML,Detergente
MANGA,Manga
LING SEARA PERNIL,Linguiça
FILEZ FR SADI 1KG,Filé de frango 1kg
D BENTA SEM ESP,Macarrão
SAKURA TRAD,Molho Shoyo
FUGINI REF SH,Molho de tomate
BACON PED SADIA,Bacon
LIMAO TAHITI,Limão
MASSA MINI PIZZA,Massa mini pizza
Q MUSS LEIT FRUITT,Mussarela
LING TOSCANA SADIA,Linguiça
TORT FR SADIA,Torta
FILE FR SADIA 1KG,Filé de frango 1kg
SPRITE S/AC 2L,Refrigerante
RENATA DIA A DIA,Farinha de trigo
ST DOVE REG,Sabonete
FLOCAO OISHII,Flocão
MILHO YOKI,Milho pipoca
TRAKINAS,Salgado
COCA S/AC PET 2L,Refrigerante
V COCA S/AC 2L,Refrigerante
SALG UNIT,Salgado
SB UNI FLORAL  500ML,Sabonete Líquido
M TOM STELLA,Molho de tomate
PELE FABITOS,Salgado
LECO SEMIDESN 1L,Leite de caixa
BATATA UNI 2KG,Batata frita
ACHOC PO ITA,Achocolatado
NEWBREAD 450G,Pão
PAO LEITE UNI,Pão
DEMER S ISABEL 1KG,Açúcar
MIX DE FRUTAS,Frutas
PAO QJ FRGO,Pão de queijo
TOMATE ITALIANO ,Tomate
SALADA TROPICAL,Salada
F PEITO PERD ,Filé de frango 1kg
AGUA PURO COCO,Água de coco
DONUTS RECHEADO,Donuts
COND ITALAC SD TP,Leite condensado
CREME PIRACANJ,Creme de leite
MAXMALLO ,Marshmallow
PIPOCA ,Pipoca
BOMBOM SORT.,Chocolate
GELADINHO,Geladinho
CREME LEITE 200G,Creme de leite
LEITE COND,Leite condensado
HERSHEYS MAIS,Chocolate
MARSH.COB,Chocolate
CHOC. 80G NEUGEBAUER,Chocolate
MINI CHOCOCANDY,Chocolate
BALA TUBES MOR,Doce
FILE MIG SADIA 800G,Filé Mignon
LING SUINA PERDIGAO,Linguiça
KUAT 2.0 PET 2L,Refrigerante
POLVIL D SIAMAR,Polvilho doce
CR LEITE MOCOCA 200G,Creme de leite
OVOS PVC BCO C/20,Ovos
PEITO PERU DEF,Peito de pero defumado
QUEIJO PROVOLONE ,Provolone
MORANGO DA ROCA,Morango
PAO DE FORMA VISCONTI,Pão
MUSSARELA PECA GAIVOTA,Mussarela
CR AVELA DOMA,Creme de Avelã